,name,status,price,location,sold,link
0,"Samsung Galaxy A20 SM-A205U 32GB ROM 3GB RAM 6.4"" Unlocked Smartphone-New Sealed",Brand New,116.47,China,56.0,https://www.ebay.com/itm/295730617420?_nkw=phones&itmmeta=01J62TP565T699GPNDZCJWQE9N&hash=item44daeb1c4c:g:t2YAAOSwKn5kwy-w&itmprp=enc%3AAQAJAAAA4HoV3kP08IDx%2BKZ9MfhVJKnegXSOJyD%2BxYnqUk4%2Be14KJxOE2b%2FuRte%2BuWP%2B9xA7BlD9BQbJit1So6%2Fow39bLy2fI1X2WwxZWh9HO8RIuto81R9raras2ld6tqCPBDr0y6xdPjSLbYu8c%2By%2BszmWgGmS6yQT--6He2snOrwuArT%2BfX%2F2yPoCGB5ar5%2BWuMIZILnN6N%2BvQ1hGmqQWOgCQVOnvrZPfQHDymE4Uxn%2BSXIzBZcXiH9jB4QF0%2B8Jmjei1Ma8dlUyN%2F4CMkaFzVCUaH%2B7zsu1%2BSd7g6Odvw2mYNNhZ%7Ctkp%3ABFBMltPY2rBk
1,Samsung Galaxy S22 128GB S901U Unlocked - Good,Good - Refurbished,204.99,United States,769.0,https://www.ebay.com/itm/255865325274?_nkw=phones&epid=3052289357&itmmeta=01J62TP565QGYKTDNX3K13BXRM&hash=item3b92c306da:g:piAAAOSwVKBjj2Uc&itmprp=enc%3AAQAJAAAA4HoV3kP08IDx%2BKZ9MfhVJKny9DAMrALxykPkOOSLbNLN3%2BBzC7qacKTekRSTEkunRIPvENVaZJjSfLsTEDITusBfAJrqbhiT3SWC13vHsTltzh03twDdO2shEYiz%2Fw9RicMJPBUuPZa8m9vHdyH1rWTTPgpCjRi7PmDB1orAX41LJ6bA6%2BDshdk%2BR4L5JMVfpUalj3INQ648dcf0Bl%2B6tWt4evKgEJRvEZHnK8kFcoU2oZToXSUilxBW9B6vx8ue3ASAQIrFvoKE7on24YWSZ90tMDfYGrJNQb8cl3wCZQQt%7Ctkp%3ABFBMmNPY2rBk
2,samsung galaxy note 20 5g unlocked,Pre-Owned,250.0,United States,,https://www.ebay.com/itm/156369036016?_nkw=phones&itmmeta=01J62TP5654XFTEBX398ECP7HW&hash=item24685222f0:g:zgEAAOSwYytmw62w&itmprp=enc%3AAQAJAAAA4HoV3kP08IDx%2BKZ9MfhVJKnWHPDHhe0ICFU6vgKd%2BEHzPsu6YwZo%2F5BKHGania7O6TzgpzlpHk%2FB%2F153SYORzpIk5wAKK9b%2FSVzTqD5ax00BmOa00doaTgVcgB9LOfhe91m%2BHxOd1aReWX8Zj3Vesu1OyvqqNFTP3mL2EWP4xn9sm3OaSzY%2BvmZvF7sVIwm0HyKQnOt99QZnwIiCMprfKX2YF62NiSzg1vap0ew0oP89pGfcBusA4EXRilR9JSMUPns9FSQ33lkvJigD%2BKLqCk3ypl7HlYyndkNGlt89kl2q%7Ctkp%3ABFBMmNPY2rBk
3,Apple iPhone 5 16GB/32GB/64GB Black/White Fully unlocked rare ios 6,Open Box,37.98,China,,https://www.ebay.com/itm/404971752517?_nkw=phones&itmmeta=01J62TP565YV2QB535T80FF695&hash=item5e4a328c45:g:Yu8AAOSwmZdmEMS7&itmprp=enc%3AAQAJAAAA4HoV3kP08IDx%2BKZ9MfhVJKn1k%2FL2UscX3zdr%2Fg4TL66dICZC%2F4kGjWwyNTr29z6%2B86b%2B%2FLTrBmUufaftCmSI6IgXWYz4IacDEtG%2FEph8VbPZigyNopUiCqvDqilv069mnSQ9zQb6BNhPBQxdAKYsW%2FJczLPESWG3DKgz3LlNiYW1LJwleKCUWW6%2B3PNNmYBOjlqVEuT5cFLWW9gXkPFwVcxvY2Avx7QJV81%2FcdAUBOgUwidErN79yrOB%2BqcxpNNuAyPqsbjXgakdselWHoqNhC5oWlZQZKarxnyBLtHD9zok%7Ctkp%3ABFBMmNPY2rBk
4,Working well Apple iPhone 5 5c 5s 8/16/32/64GB All colours Fully UNLOCKED Good!!,Open Box,28.99,China,,https://www.ebay.com/itm/126435608547?_nkw=phones&epid=240530998&itmmeta=01J62TP565M04404E1PS31T730&hash=item1d702647e3:g:ugYAAOSwywhmIh~~&itmprp=enc%3AAQAJAAAAwHoV3kP08IDx%2BKZ9MfhVJKly1BWirOQDaTnHU9g1GBtCRaLSWuxyB2tNnJ326F6ZFi8Ja8ZTWhg2v0DrpNBv%2B%2FVecX5TJ0rndHlUxnJJpQorC%2Bg%2BxuBr1GYyRg2qNczPpoK59LU3BWehBqZIZN9nvM6E80caGM8XGmb83ogd3%2F8uuk7UrxJAojyiqM5bkFd95efo6KM4qmwvyOnAg%2BZ5hvXvoX%2FJMdb%2FE%2FkVdMVYUwXrLW5XjQO%2BwY5qCW8wjEkYDg%3D%3D%7Ctkp%3ABk9SR5jT2NqwZA
5,Original Unlocked Samsung Galaxy Folder2(SM-G160N)LTE 4G 8.0 MP Smartphone 1 SIM,Open Box,118.0,Hong Kong,,https://www.ebay.com/itm/276042063671?_nkw=phones&itmmeta=01J62TP565367PC8DWZWM0TW55&hash=item4045639f37:g:KeAAAOSweJtk3Ih2&itmprp=enc%3AAQAJAAAAwHoV3kP08IDx%2BKZ9MfhVJKmSvadcUNCJYCYl3eZy81W50Oj9om%2BtiMF%2F5IcKi11i1FdGCSvP%2Fy8jFORtTXKTd7rg8vxk2s6pywu8MtUWpzd0wu1JhAh8TwKl5xCISkOOVejKcA86g8tGcfy1eEGr5dNHWxkqipyNj4NoqVFswhpMWcCy%2F4cU7kjgmUS20A1GpqmBPFKmrUVFIoNBXQtNTA7vKhjjYvWz9lMAsvDCQXKsFvD1mI0j%2FyjJuw5P7Wa%2BEg%3D%3D%7Ctkp%3ABk9SR5jT2NqwZA
6,"I14 Pro Max 6.5"" Android Smartphone 4GB+128GB GSM Global Unlocked Cell Phone",Brand New,75.53,China,,https://www.ebay.com/itm/395472375483?_nkw=phones&itmmeta=01J62TP565504YV5WG6FP2N5G1&hash=item5c13fd8ebb:g:TkUAAOSwhl1mbeAd&itmprp=enc%3AAQAJAAAA4HoV3kP08IDx%2BKZ9MfhVJKnjmGXjJZPwnGO5JqSwhPysbFfBXxpArrXSs277QrHJXWJdHi8iIRRF3v3as66tg%2BLBMMeOVsnO2rW%2BcVoBjitk3NST1EN1Rqf%2FJXq%2BQGDoWH5guiDC%2FwoWoqUZrFL9At32aG6rgJV2YChAYSd1JaKFhZm91NDlXD9h8xo%2FyhwBCa3TBiukhaixYz7tTG9gFR%2FQCnu9jPuUYT4avwSDem4G3ZHvNIfX12QN6cjWmWAZD03nb4CUHIGhnxClaNb7wVKDf2Ko4uimI%2BeaIFjYy--V%7Ctkp%3ABk9SR5jT2NqwZA
7,2024 Factory Unlocked Android Cheap Cell Phone Smartphone Dual SIM USA Quad Core,Brand New,65.59,United States,3150.0,https://www.ebay.com/itm/275427662747?_nkw=phones&itmmeta=01J62TP5653DKVC6Q5CFAXHBQM&hash=item4020c49b9b:g:sYkAAOSwjuZmNaBI&itmprp=enc%3AAQAJAAAA4HoV3kP08IDx%2BKZ9MfhVJKmBt3JN8hDq8fy6LVNCkg3BrYCTuR8SXKz3q7LleUKqK1KwIOJA%2BOFQ48i01%2FXglx3pY7acnKsjf9Z9v3Zy7SVHZ%2Ft3G6IUiUZqwtQpmC8TnYFlmb5OG6EhHKhhdI%2F9%2BHLwPpUvmxW076LTrn674gmfgYZvOucH97ZDE6UBashU%2B6H7%2F4gwUuDtbaj%2FxT6RtbbekqSi3BPgu6572qflZ3%2FHzeUcLdclujYr%2BgM1AtvvWTsj1wCcNqstkKG7RlAXYSjOWsbJjprABoGdgqcCE3HB%7Ctkp%3ABk9SR5jT2NqwZA
8,Apple iPhone 11 Pro - 64GB - Midnight¬†Green (Unlocked) A2215 (CDMA + GSM),Pre-Owned,130.35,Australia,,https://www.ebay.com/itm/395611423273?_nkw=phones&epid=3034222709&itmmeta=01J62TP566TBPYHAA3FSXQ0XG9&hash=item5c1c474229:g:qu4AAOSw-jZmt0BC&itmprp=enc%3AAQAJAAAAwHoV3kP08IDx%2BKZ9MfhVJKlTHAEq98Etw0L9%2FlYgrJUCsmzMAEKn2s4OrBixeNpUO6aOQpvhgkmQauJ4CKz22pCGWHTMApjPHFS3KIeyJtbvOxN2tLaoAzxp8ayH2w8hyNl7%2B7YwAGJ%2Be9kr%2Bp%2BiT4DG0gjFEYqzxEgwNlCHX%2FXLEQP8nCx%2BvvnZSmAdfstespa3vsLUYzDR2iOhDNkXMHMeDZT%2BWTYKgCRtp7BQIL3RybBHe1IzIqCsx9xzEqDnQw%3D%3D%7Ctkp%3ABk9SR5jT2NqwZA
9,FOR SPECTRUM Motorola Razr+ Plus 40 Ultra XT2321 256GB Infinite Black - Good,Good - Refurbished,214.99,United States,152.0,https://www.ebay.com/itm/404911877165?_nkw=phones&itmmeta=01J62TP566DTW5P0T11H31Y67P&hash=item5e46a0ec2d:g:GTYAAOSwgX1lePrK&itmprp=enc%3AAQAJAAAA4HoV3kP08IDx%2BKZ9MfhVJKm%2FJ4guCpy9Y7CEXQfrGaZ%2B1Vm%2BcgbCbj%2B7Hp2ZGTiSFqjXh2QXGuFieptEbKM0qrWjoODI3YBnNWI1NvlmVR0ynlYTIB3T0FLOkYnQfHGKaFVR03NUCSpzpqBHDPipBIItcLyuoVGq4UI4VZZ%2FqhA0WykfUU%2BwoHs2s5e67qzRDLWgTB32lX5Ljpi9vt59o3VfMMO2gkRt%2FrJ8I6ewhjNo0rkgE1WAyFLWkAHR9Nour9oflT5LkM5wE%2BONdtBWAcz%2BL1TLG988AgkBqIijKxVP%7Ctkp%3ABk9SR5jT2NqwZA
10,"Samsung Galaxy Folder2 SM-G1600 Dual Sim 16GB Android LTE 3.8"" Flip Phone",Open Box,89.0,China,,https://www.ebay.com/itm/126596069881?_nkw=phones&itmmeta=01J62TP566JV2RJ4NNR461XXWB&hash=item1d79b6b9f9:g:KkwAAOSwrQNmpJQN&itmprp=enc%3AAQAJAAAAwHoV3kP08IDx%2BKZ9MfhVJKmq9l%2FR8BWClO4vYVZw73UXepifI%2FcpFyQFeR8pAbrJm%2BCdn4YziXKZPvI%2Fj67nyxWg83AaT06x9uYi4SDtQQe1xqQK1MSPIc%2FdhrEQccAFV4ManReJZt4yHASDpPy937UXLRY2uDoIW%2FyxqErqSHqErpiUIAA%2FMP0u9u26CuqfKeDl3PB1CgeSsxu722RXPT1m%2B%2Fl%2FwKP9aTvFGYdtHrfURok3NMlu3Bw87iM2%2FOscMg%3D%3D%7Ctkp%3ABk9SR5jT2NqwZA
11,"Samsung Galaxy Golden i9235  Flip 16GB+1.5GB Unlocked 3G GSM 2G  3.7"" Smartphone",Pre-Owned,153.45,China,37.0,https://www.ebay.com/itm/275364260627?_nkw=phones&itmmeta=01J62TP566G0DZD414VM4ZCPPK&hash=item401cfd2b13:g:Yu8AAOSw0zdiuIyz&itmprp=enc%3AAQAJAAAAwHoV3kP08IDx%2BKZ9MfhVJKnBSx1%2FCU0tnGx%2BG2EYOB%2BemHZSmQ7OJptsXLB5YzekW0h9AhSeGUEweLAWZe%2FOzIJPDa3cgB4aQngBbAUfOQNDwL%2F1ZL4Ye7EMf8QASa4hGugaLQKKLWOABuUsaSmGG7Inh50H6oIPefKL%2FI4Q7qof9cfcz4uROHKgbJXsB2ToEoSObwoCpZpSfaQqU7sCe1MEAl%2BEQ2q2U16CjzbfMZNvBn551smXKuuOT68GRke7Bg%3D%3D%7Ctkp%3ABk9SR5jT2NqwZA
12,Google Pixel 6 | 6a | 6 Pro - 128GB 256GB 512GB - Unlocked Verizon T-Mobile AT&T,Very Good - Refurbished,139.95,United States,,https://www.ebay.com/itm/276523158982?_nkw=phones&epid=22055368726&itmmeta=01J62TP566GW6BQWJW6ZPF9VAE&hash=item4062108dc6:g:~rUAAOSwkf5mebZY&itmprp=enc%3AAQAJAAAAwHoV3kP08IDx%2BKZ9MfhVJKlssF%2FfYHhUbhUVEPAmTfuvJNkUmvHT7avTkHZWhPoFEDymwAJSrreAKKPrkVxpKzOWWSM2kB7zdJXxG%2F8kOAZhLaLxjP8K2OR8YuMzjq4MWLFMzEvNfOsSwtgtyQ9br1waH3JZQJ4vvv2cjjtk7k%2BcvMs%2BHZpa2Fn2A78i33Z%2F3GOyR0%2Bybm9Iu30yLOTA5utmOQqfO%2FgcNp%2BBHsduInRtPB7%2BS2fFVgb0LfLSeGm%2BLg%3D%3D%7Ctkp%3ABk9SR5jT2NqwZA
13,Working well Grade A Apple iPhone 4s 16GB/32GB/64GB Black/White Fully UNLOCKED,Pre-Owned,31.98,China,,https://www.ebay.com/itm/404971794561?_nkw=phones&itmmeta=01J62TP566C0P30SCVVQ7KGA3N&hash=item5e4a333081:g:4BEAAOSwL-Zl-Tqp&itmprp=enc%3AAQAJAAAA4HoV3kP08IDx%2BKZ9MfhVJKlyoQE3z%2BoCEQxVkl1rBDJFEJfWkkkbFCElro9p5JghvaKnJPF91ZJhyP0TBVIyGEJgWs7aJFUJPK6Dsnx1mUadCmsyC6yMeJDMUHl17hdKFCIc7O0oA3FdpjkqQ1A3ifapSNL%2FKK1ijIvZ3ikXnBRBKSAy5%2BeAn3DENuh3nKnUBc2KpcNZhTfMSDWBaCkM0gOSNdORuNx8jAroofbw185EBBAap%2B%2FAdGKGWku7imnc3zyvIa4%2BNUS2kjF8paBg%2BGXWY9YJHyKDSEQjCt5aF0Xg%7Ctkp%3ABFBMmtPY2rBk
14,"Redmi 12C-128GB, Graphite Gray (Without Simlock) (Dual SIM)",New (Other),95.02,Germany,,https://www.ebay.com/itm/375610091550?_nkw=phones&itmmeta=01J62TP566WN4QKZ9W98521095&hash=item57741b281e:g:44kAAOSwZL1mtBdM&itmprp=enc%3AAQAJAAAA4HoV3kP08IDx%2BKZ9MfhVJKlboIJ8IpGwp%2F5ZRAHxtCZe4oDhNyLV7N42QMt6QKSB%2F%2BtzfJg4k61PSVUZ4lQO%2B6ke7BWvv57IEietPA%2BFdkE7w953u%2BKEoFde1YsFRTKc4Sv5BIrANoEviajPkc4%2BSVLbSGU5oCZa7LvpQdGfldhu5mKIrU%2FOBmlG5wczdnCa3L%2F2C5tb47a00A7yLC%2B%2FKhruCCb69jv0Cs1yzbexTZgRoKIxsJ1q%2Fmbx7%2BcpD%2BnpdW%2FQFo9pwAAvmEWPvbmXnBEnZ2cL%2B72h4E45pKiIsBIJ%7Ctkp%3ABFBMmtPY2rBk
15,Samsung Galaxy S22+ 128GB S906U Unlocked - Good,Good - Refurbished,231.99,United States,157.0,https://www.ebay.com/itm/255803826545?_nkw=phones&epid=2323331917&itmmeta=01J62TP566QTZFZPM96JXJ7NKS&hash=item3b8f18a171:g:yS8AAOSwfldkAk-D&itmprp=enc%3AAQAJAAAA4HoV3kP08IDx%2BKZ9MfhVJKlMUsagM5ElrbSp6p1DYByjwc6UIA99EhJF8L%2Ft4jGQF5GyeXrl9oCSjGcmfSQaViGPIYREPB%2Bo1ipyqEGG2s76X1bv0cy6%2FJhSUVZlmw9%2BXrklgwGlvVHscaQGMbYCRri4NEOWswywqOBI7KoPA68ymHiSG7tzhB5K9Z%2FEBHDRxvia8BBcKeqYhW%2Fsa%2FQo2VunnGrCvuRNUZ%2BIl8AKFwqQY9Eo7Z3WnFu4QRnp4iw5ILh%2FAf7InYZ3kuK9DwN%2BqWugdPZmzV%2FCKq0RH2e9triU%7Ctkp%3ABFBMmtPY2rBk
16,Working Apple iPhone 6/6 plus/6s/6s plus 16/32/64/128GB Fully UNLOCKED 4 colours,Pre-Owned,39.98,China,,https://www.ebay.com/itm/126492722811?_nkw=phones&epid=241094286&itmmeta=01J62TP566EGPC3SAF7A40B5W0&hash=item1d738dc67b:g:OV4AAOSw5KpmTHRu&itmprp=enc%3AAQAJAAAAwHoV3kP08IDx%2BKZ9MfhVJKn5Sbyxo2y57Cfd%2Ba0F7SgqalKJaEdkcTdr8XEhf1mLxbGPyQTJZfSvA0aRe0XrY%2BnsW2UY5lbe0NeLGTJAtYImaSbCbIzujOPTNANF4gOuGDvvHkyLZKXir6X1FfNDap6G%2FRYw79ujS8n2nhGHWYIOLDaTZlHpUMeKEsm1ouGb909CdcCVcJx75z4BxKDhnuRM%2BvFtESwoHAyVjCgroWmq2o%2BZug7qm2tssf3TAQFSsQ%3D%3D%7Ctkp%3ABk9SR5rT2NqwZA
17,New Fashion 5G Smartphone 16GB+1TB 7.3'' Android Dual SIM Unlocked Phone,Brand New,119.99,China,,https://www.ebay.com/itm/405152308254?_nkw=phones&itmmeta=01J62TP5666XTRAAVWW2QCBCJ6&hash=item5e54f59c1e:g:3~sAAOSwxFhl4Far&itmprp=enc%3AAQAJAAAAwHoV3kP08IDx%2BKZ9MfhVJKkzBmBYhLquG%2FsuOUQfvI9xRdmXKlM16a122fDOiJUF3%2Fw0z6NNVcBmtHXHEivtUZ9nz3THQgk7ata7VHSsZQ%2FHrjIpUj5aq1yGdiM4qsBxSOPpqV%2F7EzE4AjQTtSk0WEetV2tzL%2Bo45apVqUDJayUtM5xRiAor1Q9lDUmP2%2F6k6lGleAHmron1llfYdopwC2nZLAwsRamxv%2B20%2Boz7y9xZsOOigT5E7TGkMZZm4hNYtg%3D%3D%7Ctkp%3ABk9SR5rT2NqwZA
18,Samsung Galaxy A53 5G SM-A536U Spectrum Only 128GB Black Good,Good - Refurbished,74.99,United States,25.0,https://www.ebay.com/itm/186589033033?_nkw=phones&itmmeta=01J62TP566K71GY9650T2EE54E&hash=item2b7192b249:g:CAgAAOSw5gVmoTTu&itmprp=enc%3AAQAJAAAA4HoV3kP08IDx%2BKZ9MfhVJKlTLAQUF5wqcn9I6rYttsj%2BAYLpIPA%2F04MQu431jbIFRcntr8vkjhaB1y%2BhrtqE0%2BPvnWFkQwnB%2F5AhahfibT0xXZnjsJwDCtFvYyEO67bB%2F%2BgEqKzg%2FcerEgElu9ElEWJkY6Mse3mgxHSPskQYkkb1BiKrv8E7usXWYgB6omo8L1XUky0p8HhM0uPPAUzEh3bB9a0iBoZfFajoaH9qpWwUiizlFxVpHOMeeIOZonNSrayQiOJf2iehsIrXI36M1q3ov6edk63Ogss7BDevORdO%7Ctkp%3ABk9SR5rT2NqwZA
19,Apple iPhone 11 - 64 GB - Red (Unlocked),Pre-Owned,150.0,United States,,https://www.ebay.com/itm/126638419702?_nkw=phones&epid=15065003756&itmmeta=01J62TP566271QCBZ6NS237T0C&hash=item1d7c3ceef6:g:Ba8AAOSwZ2pmgy2e&itmprp=enc%3AAQAJAAAA4HoV3kP08IDx%2BKZ9MfhVJKkhaw7bTcYAU47m68L6OHJ0LGn%2BPxosUCVdt7Au9Ab5Smou35Gdn0G3wH3BZScQrtxeUBRacO55orM4Q0aIjf4UmFcm5sM4xLlWVIRviYPAdTt42c39BuDdhcquji1NqJUGs%2BczCOYB9pfbsFbEvyX14%2B5N2etiqRbEj4W45l9raD3LftHPzztoIhw82e%2Fhq0amv%2FzRecIMNeNJkbPXu5zW45taGRmfdFiwYCWBBKqynoNRoGcZYpA6p2yDq6UQMvhPEQPnd5n2FOi11c5SwdLx%7Ctkp%3ABk9SR5rT2NqwZA
20,"Motorola Moto G 5G (2024), 128GB Fully Unlocked Sage Green | XT2417-1. Excellent",Excellent - Refurbished,104.99,United States,61.0,https://www.ebay.com/itm/186618415433?_nkw=phones&itmmeta=01J62TP5669T8MC7115H571Z1B&hash=item2b73530949:g:KHkAAOSweQhms8ae&itmprp=enc%3AAQAJAAAA4HoV3kP08IDx%2BKZ9MfhVJKlbBxC9wcDloByylpcaS5%2FZpxqYEBZvU1DENylW6HRHBT0vHtCsQOg5aBB%2BJpc0qkYaMzOQDcF07bPo8JmO7MHvLVd4gSovFV26mhll5X%2B1RT5S7CFHMkPkR%2BivI9S7AMDng3e6J13xhOupBkkdobwPssxmXJDrwQSDyPCuw8TilI02%2BLmnx3DBUMO%2B9Rn07kb2ambcgP6wzdxZbTzLBPwjRWHphnrQGd%2F9V%2FR6GF%2BZcRWXbPnsYYCWAlu6OHh0lMQZtspNi3mp7ZGbNcWPriBo%7Ctkp%3ABk9SR5rT2NqwZA
21,SHARP AQUOS Keitai 2 601SH Softbank White Unlocked SIM Free FLIP PHONE Android,Pre-Owned,109.99,Japan,25.0,https://www.ebay.com/itm/185710173626?_nkw=phones&itmmeta=01J62TP566N5ARJDXFBZTZT013&hash=item2b3d305dba:g:~FIAAOSwEa1mvz2-&itmprp=enc%3AAQAJAAAAwHoV3kP08IDx%2BKZ9MfhVJKnkH7I9OmzB8t2sfaSNagDlkCrn7ARgOcU8Ik7qIdWFZIdijgyQmRN1ToopdFeMskFCd3lM6ckgP8gq01FTee7a0QMy1Grm6fmAIaAOCDjrbsKC1WAe0%2BR3xbNWNH%2F8B7xpYEQZw5yKQ7m2FhgJWp%2Bjv3caUVPjPkVynlglFJJPUdeEeL6RixaxI9wv6YrkRo9mSAR8rOx%2Ff07WOgTlr%2FtxG83oiwTfvu%2Fu3dXV97vK1g%3D%3D%7Ctkp%3ABk9SR5rT2NqwZA
22,Apple iPhone 4 IOS7 4S IOS9 8/16/32GB - Unlocked Black White sealed,Pre-Owned,22.0,China,,https://www.ebay.com/itm/266876475864?_nkw=phones&epid=240174820&itmmeta=01J62TP566ZP9AXW0R0N3KXD04&hash=item3e2313d9d8:g:HfoAAOSwssxme3oa&itmprp=enc%3AAQAJAAAAwHoV3kP08IDx%2BKZ9MfhVJKksbkYjr3fPw2MLk%2F7BP36QvrAYwYa2LbSeCRLBgSP%2BFYPB1WWu1vkYWIX2vdttDCKIaStSflwhLi7fkDGe3v%2BeonE1FGK%2BUj%2FE0pyBxo5DN5dji5nRASzDRZxACEgQ5uGfEweE7W2McNTGStrE0aCp3R2ZJwIeZ0wgfE0cF7TxDG99GibFgr9BHqxRGyOvCnpRUSUFr6CF1Uv06CHGV7ES69n14VpXzvlXwPrXZjKvwg%3D%3D%7Ctkp%3ABk9SR5rT2NqwZA
23,Apple iPhone SE 1st gen(2016)16/32/64/128GB Fully UNLOCKED Gray/Silver/Gold/Pink,Open Box,65.99,China,,https://www.ebay.com/itm/126556056045?_nkw=phones&epid=240464717&itmmeta=01J62TP566PVKC3DZ689H2EXCM&hash=item1d775429ed:g:JbYAAOSwPMZmgreM&itmprp=enc%3AAQAJAAAA4HoV3kP08IDx%2BKZ9MfhVJKnHH%2FXaRPZZ4Rpc096HdGh%2Fv7nZ%2Fu4GrF%2FzPbbX3Y0A8%2BiaJYnV8ykVhwglRElNfJD%2Bee5xMdarMB7vom3u5FV2GtpFjJqWhhRV4LJ6f7U8K9IBFN2EA8mqxwPmbln2w6IWUQPiM%2BzQCAmukDm%2Bzxo3Yc2tj5HrI4XEfghw%2Bg2PPVX96RSI8OQti6DYHQVTqheqosfTtxFg6AQLOiWWxUYmm1CXKuI%2Bqsxv9mm0dOF06Yi5J%2BaAVTaly6kyAyD14XC3rlAKZ6JZAgcIZKMWTZUh%7Ctkp%3ABk9SR5rT2NqwZA
24,OnePlus 7 Pro - 256GB - Nebula Blue (12GB RAM) (Unlocked) (Dual SIM),Pre-Owned,64.0,Sweden,,https://www.ebay.com/itm/176534364871?_nkw=phones&epid=16031885402&itmmeta=01J62TP5668CGFRA63CXHREAHR&hash=item291a44a2c7:g:hawAAOSwGcdmcyYC&itmprp=enc%3AAQAJAAAAwHoV3kP08IDx%2BKZ9MfhVJKkxcuwids4zwc3%2BzJLr4qAePe6cWSFk7DFHBvsXIzwZ5Q12cUK%2FGqaSi4xT%2BmvpkNXqI6hNseZqRrdPHBPX6sf5sRPXbnk23o0OKH%2BULL96jsTLyt0r8eJG0gji6OdW2nDiGjDxt2jP4%2B5ZRcF4gB8owVk7ASpMjHml%2F3bPeFDWG04pfmDmeWbwDhgW%2F4W2Z5p%2BW2RoICxj%2Fo3IZRpDMq2rqoO5QPWY1VQgpDcfIsfLoA%3D%3D%7Ctkp%3ABk9SR5rT2NqwZA
25,Samsung Galaxy S21 5G 128GB G991U Unlocked - Good,Good - Refurbished,154.99,United States,7368.0,https://www.ebay.com/itm/254987231741?_nkw=phones&epid=28043687656&itmmeta=01J62TP566JJKF4M0BFPD6A00G&hash=item3b5e6c61fd:g:C0EAAOSwPC9mVjpy&itmprp=enc%3AAQAJAAAAwHoV3kP08IDx%2BKZ9MfhVJKnY150blS%2BFtPt9Djb0Kx94H9J3PUaQCbDgEX2VW%2FStnuYNjzms82d7Y6dQhM%2B2u3v9PNeMqI3sHPpv1F5P%2BPhKYgkGwGjJ93poL%2FzqBI2w3i9jlw2PQWu1Hm3fF5rX7iXhcler88QoqC%2BOZ6%2FvsoTAwV%2Bml%2Fm3CyxN4VqHseoWfJLaUGdf1V9Dv6GuQajikwQalgWcqxoRt14F0ELDYuOrnWAMgjaJpc3hOSVWtGYFrg%3D%3D%7Ctkp%3ABk9SR5rT2NqwZA
26,90%N ew Apple iPhone 4/4s White/Black 8/16/32/64GB Fully UNLOCKED classic 3.5'',Pre-Owned,27.98,China,,https://www.ebay.com/itm/355831062944?_nkw=phones&epid=240189244&itmmeta=01J62TP566KV62G5HYZVY5WGSA&hash=item52d92f21a0:g:kMYAAOSwtQ9mYCEK&itmprp=enc%3AAQAJAAAA4HoV3kP08IDx%2BKZ9MfhVJKnSisW0i7ZAAHGz%2B8fkW8dYjgKEXRthXVP9LYB5yuABGHkKOyp5mwoYtwy8DJ58U777nNtRqOCJrMkIrKTZTmrcBVNahyJLblIsgVHqScBlLx0pIe0DcNqkVmuW%2FSHGLSmrVzqzbaFvyOc2PsHU%2FeKHcv6PoOEhAFvycIuh8j%2BVWmDEgLF8UWb0aKpaK2mBkpUKO5ZhHenBq0t7f03VE6d6sKGk8wgk8YtEXGujtOrmEKMQorRhq3HNoieuAUecjMnBxOZ25xiJoQ7uriBxtLkg%7Ctkp%3ABk9SR5rT2NqwZA
27,Unlocked Phone 4G LTE | Finger Print Android 11  | 2022 Model,Brand New,29.99,United States,1303.0,https://www.ebay.com/itm/125783437533?_nkw=phones&itmmeta=01J62TP566JHG16FAKR118226C&hash=item1d4946f0dd:g:sBAAAOSwO-RjmxmP&itmprp=enc%3AAQAJAAAA4HoV3kP08IDx%2BKZ9MfhVJKnThW5038ioSm22DAzK1hZmjRmIeuHN2nNJWs7mmrQRYntHNy4Uo7pFwteKIzRsFGfs9CIK80u8X74ks3TocrPPTvKCCo%2FW%2FpQMFusderFc3EPuJ67J3ZEJynzxZQSpFzzYoedloV%2Be%2F4EcqHfoftR2P6LhllpgU%2B%2BVnx6FG2JaU%2Bvj2RHIBC18rY21NyHA232yfFnhcwdhKl6xiV0vyUwf8MQuxxeqIBqVQOFUMYrK0alRQWN6MAuSbC0f7VAkcs3x4%2F8Sxd20%2BDwkMDnr0Ypd%7Ctkp%3ABk9SR5zT2NqwZA
28,„ÄêFive models„ÄëApple iPhone 8|iPhone 8Plus|iPhone X|iPhone XS|iPhone XR-Unlocked,Pre-Owned,99.56,China,,https://www.ebay.com/itm/315622700923?_nkw=phones&itmmeta=01J62TP566E7259N5V05PRT14P&hash=item497c94377b:g:5BcAAOSwjsNmxcaI&itmprp=enc%3AAQAJAAAA4HoV3kP08IDx%2BKZ9MfhVJKm3Ptl5c97Koi%2BhOwg5xU7kgrj1RpFN6hXmAaGqY12pfl9kVwOYXC%2Bkg5JyV52Xd3f0Wh54Pi5%2BeU%2BnzRKEabt%2BSA74%2BrQ7cal0TOT%2FJVdV9RakbKToTFB2sPanTq6WZfg2W10IdwTFqt71Y%2FkSCkOAqhSa%2FHmdSc1LLkB3sV21sd6pMETsHF%2FE6ps6QN2FX0pqZrnH6nSQsSXi9zPq%2Bfwj5I2zJwUdcUYD4f4HwWM0NgFrXWNXw6PNTmWosBnjhHAmdtgdOpfZrjWaHz3P4W%2FA%7Ctkp%3ABFBMnNPY2rBk
29,"Microsoft Lumia 950 XL 3GB+32GB 2-SIM 20MP 5.7"" Windows 10 UNLOCKED 4G LTE Phone",Open Box,176.64,Hong Kong,,https://www.ebay.com/itm/155570743333?_nkw=phones&itmmeta=01J62TP566PPDZK35PF854W09G&hash=item2438bd2825:g:XeEAAOSwknNjRUbS&itmprp=enc%3AAQAJAAAA4HoV3kP08IDx%2BKZ9MfhVJKmRlxJUBuUBUpy3Ndej5zAZPxNyrvcxEz4I6S8HyuPac%2BSv%2F%2BPaTdGEPdghqaPKlZNdP9u6sAOIWMzh67z3Zcb8rPh57uJSaSQSE6wJz58j4u67o8%2FpPlAK3SVDYtbmyz2O%2F54WFDQK4r5r8yAvW%2FsvIvVvyiAK0drgq05mnjZKitg%2B5ryQtoXkf9sLaQDm3gm4GDsFR3aQ2mzUN12SN3m4EpR3RFZKWyxZGwZ4%2FWhPSW3P6v%2FsECrcVf92rV290Dz56A8XQp19ogqN508WyUEM%7Ctkp%3ABFBMnNPY2rBk
30,Xiaomi Mi 11 Lite 5G NE 8/128GB,Pre-Owned,95.02,Italy,,https://www.ebay.com/itm/156371826519?_nkw=phones&itmmeta=01J62TP566KSD9SMTB0RGYEC61&hash=item24687cb757:g:eCkAAOSwtDdmwJyh&itmprp=enc%3AAQAJAAAA4HoV3kP08IDx%2BKZ9MfhVJKnJxHwjPs%2BDpWGPgUvH0m6KV2cJVHzB2FsE0Zy7PkoxfHqAjJvZ47kemmmn0Q5m7M57Dl8bGhWIarcyfgn1Ru8N5ic%2BMA7Ux2c%2FmzssFZP1pEXLivjfkFdZ5lOihWpNW86ing4jPOgsmiBOektZKRTLFTOdeWksUs9LJ%2B3gMOG4DL7merOx4pVp31Sm3VTfjRibMQ2x8yBEg6Ezxtgi%2F6Y6Z%2FxZdQ6ZIgB0kWskl9DgmZSPDAOgFygGrzkxA%2Fi8gQbfgiDGGAoZqBrUWb9J8i7h%7Ctkp%3ABFBMnNPY2rBk
31,Samsung Galaxy S21+ Plus 5G Unlocked G996U 128GB Android Smartphone Open Box,Excellent - Refurbished,224.0,United States,,https://www.ebay.com/itm/335485187187?_nkw=phones&epid=15043690197&itmmeta=01J62TP567Y2D6AKG4K7HMAFWR&hash=item4e1c79b473:g:Fh8AAOSwG11kJHCN&itmprp=enc%3AAQAJAAAA4HoV3kP08IDx%2BKZ9MfhVJKkQqmeicE6huH%2BbE4nzbtHZCTkAscHHeiFvX94soS3VkROtBCSy5MwBcyrtvZvzcaP4o91gne72NS1YNOMnJMwVA0%2B8c2KwPZs93qP3t%2BQFM0iTvP%2B8KRx56NARV9BFpkYc34%2B4SBy3BvEiLfFXl6nPwnQkdvJvg%2B0m%2FTQdWraka%2BrjkWDjKKbmx1xM%2FyoO%2FVPm4cobY9lb6kj46aLa%2FwSpXq0iCNh19nzoPu9KyUYICj6opuToiS9lC6iApelhFrGcfW0juXe7Y--Tb3pnrdTR%7Ctkp%3ABFBMnNPY2rBk
32,BlackBerry Classic Q20 SQC100-1 Unlocked Mobile Phone White BlackBerry Q20,Pre-Owned,99.99,China,,https://www.ebay.com/itm/315408520493?_nkw=phones&itmmeta=01J62TP567XBGCHF8JJYDXYW3J&hash=item496fd0152d:g:ae4AAOSwlyNmWzDy&itmprp=enc%3AAQAJAAAAwHoV3kP08IDx%2BKZ9MfhVJKmbZyKuZIC46HuxvdGhcnB5bO40puWpHsD1NqdcEOUvxhIhrGrFCqW%2FI5Idjvz2DygU5BcYmm3HpqpHhuHkpe7G3gWlCehq628Y%2Bd8BJtnVIMvhjMRkpjO5GZQEwQq%2FT59uV81jHBjhcAr3V5mXzrSmNLEamfEj2hGfj7KAKgVPimnuwT2Fd7V8GwDpkKk3s%2Fws0wAbepixcp5bihOQIe1CJiQXyk8wr3chFEQJQzygnA%3D%3D%7Ctkp%3ABk9SR5zT2NqwZA
33,Samsung Galaxy S21+ Plus 5G Unlocked G996U 128GB Android Smartphone Very Good,Very Good - Refurbished,189.0,United States,500.0,https://www.ebay.com/itm/335247640004?_nkw=phones&epid=20043689450&itmmeta=01J62TP5673P9KV66T32476JVJ&hash=item4e0e5105c4:g:Fh8AAOSwG11kJHCN&itmprp=enc%3AAQAJAAAAwHoV3kP08IDx%2BKZ9MfhVJKm3z%2BV3rzRDEiZeYt9FaWClEDpc3TL6J2sm3GmCex97aQycvyL2d5srsMRovAzgQK0M7rBOpX7yJ3JPK7ylSnX8OtRWmianoqzpLZaUtT6Oo2rf%2BYTzl0R%2BZMTlFrosHwC6J1bIP55N2Aws5OORsSIQ8zMc5Lw6xLXBSLMdYWK7XzLTDhIwq7me1rJsptPEbN82tlhPoVnYxIiExFxOLMkdlzC3sj%2BI5gcBgTABxEnsAQ%3D%3D%7Ctkp%3ABk9SR5zT2NqwZA
34,Motorola Moto Edge (2020) XT2063-2 Unlocked 256GB Solar Black Good,Good - Refurbished,109.99,United States,,https://www.ebay.com/itm/196538575997?_nkw=phones&epid=18041812644&itmmeta=01J62TP56782ZAK5RJ1B9K62S6&hash=item2dc29cac7d:g:24cAAOSwqJNmrVOa&itmprp=enc%3AAQAJAAAAwHoV3kP08IDx%2BKZ9MfhVJKluijXthozVi2PYYUn4Apzj3k4wCoLdKLnNh8B2D6p%2FVU%2BqNk4zrLePiX%2Fo2PTmyCH73MTmJyp9TXnDZx3l9ZnprxBedaB4hzNeurToxnEjEDjN13Tc3jYN%2FQhP%2BNkm6x4E7Of9ZmbRySff17yZ4i2S2H%2BOLL%2BQkAaYhYWJDLe7cxFwcfy7tZxmMdjI0HslmGEkee1TkKLKgCmAiUc6yqAcq1DF8T9fdrB6Pd206jyjzA%3D%3D%7Ctkp%3ABk9SR5zT2NqwZA
35,85% N ew Apple iPhone 4 4S 8GB 16GB 32GB Unlocked Black White Fully working,Pre-Owned,29.0,China,72.0,https://www.ebay.com/itm/155611329818?_nkw=phones&epid=240445906&itmmeta=01J62TP567JAP4P72NDA41XSYP&hash=item243b28751a:g:B78AAOSwo3Vki9Py&itmprp=enc%3AAQAJAAAAwHoV3kP08IDx%2BKZ9MfhVJKmiB0ThxAQMa5YUmrR2h9IiNSHeqOI4cE%2BJ26lcxmBE1i54lTSBNG08NyY%2BWAn4uj6%2FaXSfJjftNNX1UcZjQXJewS9uUUqcKEMZ9ndYZF%2F05cmeRYXcRJnTdlHQRfvHbMNAkPtLBB31PtuDgeru0m4fbMAzosjtGkvNvvxo31sbIhkkLu3naVLwVhyKMhs4gNJBEF2tJhIgnkcyXAAfRzXwbRY7QlwgHxd3dFwmc6QTpg%3D%3D%7Ctkp%3ABk9SR5zT2NqwZA
36,üì± Apple iPhone 5C 8/16/32GB - Unlocked Multiple Colors Grade A IOS10üì±,Pre-Owned,25.0,China,,https://www.ebay.com/itm/334971128868?_nkw=phones&epid=240531058&itmmeta=01J62TP56760NWMAHJCGCCYXAR&hash=item4dfdd5cc24:g:ASMAAOSwPA9kyLaB&itmprp=enc%3AAQAJAAAAwHoV3kP08IDx%2BKZ9MfhVJKmfbN7xw%2B7aQpiqLCJgWVatecvj1MsKV10ZqoyX1KxHAyqzbPnUSD6kt8tZPTKCfdh2GD%2BDnx6NYHkUdnZp9KMOPDOCYjrznYS1x5yEJMh7NbRL9ssFckyWgCImIACQhHmO4EPKHakWtsJ8zALvWKACpfW%2FjDQIPTPo19QmmVQIzsbVgi2MVXxPkJbZRlzkOLYxyUQQ3UNf6cuV2MMaccKLixmCpqnyD9XkdtTYLxPb0w%3D%3D%7Ctkp%3ABk9SR5zT2NqwZA
37,ASUS ROG Phone 3 -12+128 GB - Black (Unlocked)  TESTED FULLY WORKING GAME PHONE,Pre-Owned,278.0,China,,https://www.ebay.com/itm/156355414764?_nkw=phones&epid=7042593837&itmmeta=01J62TP567CFGHF11FR9F96DY7&hash=item2467824aec:g:HlgAAOSwPIBmvKLx&itmprp=enc%3AAQAJAAAAwHoV3kP08IDx%2BKZ9MfhVJKmeN6iPNbYmaGVjY6WoJ1gtNKqJT%2BRq0EjWeXWLjmrrOA3VS0WFOWXpKEXerFHnchw%2BzAWuI4Fqrw%2BnRUlrnQyq7J1BqwoEqD6txVPanC34XpKr9ll0g34wydLhEVALgmEoylKf%2Bq942QatL5xYGfL4I1PGQPPEn6cG52tJ4y1tF%2BJpp9x5MZ31GUiBKGxAllngsOVcniPQAxeMSnmXQBxpPedTZYp%2FIwQv59WjKxwPDw%3D%3D%7Ctkp%3ABk9SR5zT2NqwZA
38,Samsung Galaxy S21+ 5G 128GB G996U Unlocked - Good,Good - Refurbished,167.99,United States,1218.0,https://www.ebay.com/itm/255080561107?_nkw=phones&epid=28045526376&itmmeta=01J62TP567B4MK4F9W6Y89A89W&hash=item3b63fc79d3:g:NM4AAOSwgqFmUOJ0&itmprp=enc%3AAQAJAAAA4HoV3kP08IDx%2BKZ9MfhVJKlGQ8MFFGuWuI7IAEbo%2BuVgpGpcYgeU31rCqBtvfJ9v7uKHls7HjEDXDmFJNlLRvSYv6qlqOhd0OnmPizwJGJWLxFdKuxgngf8n%2FDIqK8MKYT1T4Sgck2TyYFijTsjvjg9A037Np2sXEjWfnVlHTvZEI6xIbJeBhuSgKRfcaIf8Cde%2FeuAmphpUwkM7cdwQX33gW7wqshHLPqIZ7D3rcD7VWXoXAX4GLBb0PxugegZ3CEpprjLImU%2FsKjos2m%2FYaim%2FLkD1OM9mCyg291opFVGq%7Ctkp%3ABFBMnNPY2rBk
39,BRAND NEW SAMSUNG GALAXY S20+ 5G PLUS G986U1 128/256GB GSM+CDMA SMARTPHONE,Brand New,212.78,China,,https://www.ebay.com/itm/135159731432?_nkw=phones&itmmeta=01J62TP567DRY210Q9PZYJG989&hash=item1f7825d4e8:g:VfkAAOSw4opmn8qu&itmprp=enc%3AAQAJAAAA4HoV3kP08IDx%2BKZ9MfhVJKlF1fFXuLzk9bfMKmI8RxqsA5frBfFOxef5xnCGIXAy3aX%2FPhwzf0TGoeayvo1qM2QT%2B51NqIF%2F3BdAa0hjaAPWz2LVKG0ilFSX%2Bwci35DnmYRjzzyMWIizv8dLbA%2Bf1gY4UPsZjHSr4tujT3P1Wu6867G8A37PR2YH%2BYPqkViatZwAunZsxxD26TpEG0UF3VeD0tIt2JTlbS2mu4M%2FhcytQ1RNRATZ1nnz4V85c63saucP4RGPOj4FPHRtYWOcF7rWPt7LNy8OFBNkQi5zNSjI%7Ctkp%3ABFBMnNPY2rBk
40,Apple iPhone 11 -64GB Black Unlocked A2111 Brand NEW SEALED IN BOX Smartphone,Brand New,259.99,United States,28.0,https://www.ebay.com/itm/145966846130?_nkw=phones&epid=14064992071&itmmeta=01J62TP567DB38YZVG15S28N7R&hash=item21fc4d50b2:g:WFIAAOSw2dBms-tb&itmprp=enc%3AAQAJAAAA4HoV3kP08IDx%2BKZ9MfhVJKluHbwteUsdEUz7P8nVYLaaXcB239Rkb8T%2B0waxJiIsrAaShkmOYmwclSgEwYZ5QxAE8jVSRnC1NSlb1sGbOI%2BdE%2FzpSiUxIU7vMMfNUjzzgP1%2FIzbgDL6LXwJ0z%2BEXspFZDOZ3bwZaIzMtfEqNsTx4R88s3bvH7f7epTCpUqDKLjk3esPueGCKbprHxgF%2BZXe6k%2BLelbFpMU3wstwdHTyVZqf6X%2B4VyyT8aXFnyMlahCi%2Bp44rIOlb%2B82XAEGbmehjC4hVI6yuoefGsDq8GiDY%7Ctkp%3ABk9SR57T2NqwZA
41,Working well Original Apple iPhone 6 6 Plus IOS 4G 16/32/64GB Unlocked all color,Pre-Owned,36.0,China,,https://www.ebay.com/itm/156198581180?_nkw=phones&itmmeta=01J62TP567NQGYKS9GW6NH85VF&hash=item245e2933bc:g:IUwAAOSw~7xmOzib&itmprp=enc%3AAQAJAAAAwHoV3kP08IDx%2BKZ9MfhVJKlaAd8bBtfQaQh7TxgVp1TsH8Oh%2B7nKu3sYIqfvGyH%2B%2Bgtfko9cOMQabRH7D%2Bt55RY1dB5lcUhtk8DYWikVB293u1CKlobvufbVoIJonupRLKiyhvGPl7avMQVcAicA0sMc2Ngp2xZ2lmUsziuiTB9sfAjk6lkcomGVCS2nh4Ehr7s1OLgnD2RnPEvbM1zPTeA9EAjBE2bFBEvQArUD5EM8DyDdAPqn06aFrWGoNwtZEA%3D%3D%7Ctkp%3ABk9SR57T2NqwZA
42,Fully Working Apple iphone 2g 1st generation unlocked 4GB 8GB 16GB Rare IOS 1.0,Pre-Owned,98.0,China,51.0,https://www.ebay.com/itm/155717085108?_nkw=phones&epid=240174780&itmmeta=01J62TP5677FJWGXA36CS8WVEQ&hash=item24417627b4:g:ExEAAOSwo2RkNk48&itmprp=enc%3AAQAJAAAA4HoV3kP08IDx%2BKZ9MfhVJKmW%2FDLCJ5GJA2cP7WWsmLTlnoQCsGe1y1bUEN4SpcqrJBI9KCdjM1ZQw%2B6UFgjIzQOOQgbiF49p0cJWW7e43eMhGG7yz3vT3A7D2YCR26yKssDgdmRXD1jja5MskKw3e3i0IUJieSyKggupEZymeBN5q4sgoQZ5bjsY8cTlq6y3yxw2O8EIdxiqkr%2BSL9yIzwtb2R%2FDE4r2yN6Cn8%2Fc%2BIPL%2Bz8tonKKFSkIxOdhyBQWwifQkEDsCs83zgDyXu%2FkIvCKendYdOBW2F98xrsejBDl%7Ctkp%3ABk9SR57T2NqwZA
43,full working Apple iPhone 3GS - 8GB - Black Unlocked A1303 (GSM) IOS6,Pre-Owned,30.0,China,,https://www.ebay.com/itm/404483546907?_nkw=phones&epid=99984545&itmmeta=01J62TP5678SCXNSQ5Y7026PWA&hash=item5e2d191f1b:g:19oAAOSwA-RjvjGo&itmprp=enc%3AAQAJAAAA4HoV3kP08IDx%2BKZ9MfhVJKnwdFgbN1fdfG0zQWuYQWX35LrzsH35grNMmvb%2BddwseeDsHB3zGo3OV8xtACgCtfHFd5%2BgqvY0M23WDmRtTk62cLJN%2BbIUxc86p1fTa6hWNcJBC6vl%2BdVUt5UYPV%2FIOi38UdvncDahfnFNJjLsRf5tnFYv3%2BycC5NeouYIeMTP00Bl4ZYUwK8WE8thC5F62pZaoBzDhv%2B9WY2k5nW6HV7WB1A9oZAIegKUTzxv8ihi6xV8Ab4y%2FvDmz7Fu%2BM%2B3vAODSvGq7qiqst0spAzqnD0H%7Ctkp%3ABk9SR57T2NqwZA
44,Samsung Galaxy S21 5G Unlocked G991U 128GB Android Smartphone Excellent,Excellent - Refurbished,199.69,United States,75.0,https://www.ebay.com/itm/334454338386?_nkw=phones&epid=4043682109&itmmeta=01J62TP567KXD0SAAPR2AED1TZ&hash=item4ddf083352:g:dt4AAOSw7sFjcpVL&itmprp=enc%3AAQAJAAAAwHoV3kP08IDx%2BKZ9MfhVJKl60EFzTX287CxRYWIVik9%2BqYqlC8kcDXUmHGJ1w%2FOujsd1ZWaTRa7igOPTnrHLqWQq%2FaRR6Hj6CCUY2D7fhDJuKqflqSVUw2De25A%2FvsS52ZGBHUDtmhgTkZzudYI6HIexOg0bt8lO02ur5J7ZlTNT3RJodciV3vIQlrpjHQ5HtglYRdgA407nsLQ%2FhuxMGuWk2aZTJbnrAQZmkIkw3bFfWr%2BmCsoUuoQQ4MqSb3AKww%3D%3D%7Ctkp%3ABk9SR57T2NqwZA
45,üì± Original Unlocked Apple iPhone 5S 16GB IOS12 4G Grade A no fingerprint üì±,Pre-Owned,25.0,China,,https://www.ebay.com/itm/266717711591?_nkw=phones&itmmeta=01J62TP567E5QVAAK8F83Q1XP9&hash=item3e199d4ce7:g:UIcAAOSw2HZl8Xci&itmprp=enc%3AAQAJAAAAwHoV3kP08IDx%2BKZ9MfhVJKnEYQy81ZjvOWtOmb0veXjYDionwcjwdJ9SfdyvzAuKlTUBaWC15Q%2FDI4e6z1JQD1MoNZujujdFV7zF5FJP3bHswToGco6cEX73o9jSpAL2mI10FB8gSN6K40OOYLymP5S3%2F73wps2VMeucpYDaaZcOP8f4iy4I1HGa%2Bu0H4qOUsryo%2Fso8oEsH%2FO6o5JPo7E3K559e9KwfHAm6A5EOfLDKbyWPdEsUAfVqCVIIqUA05Q%3D%3D%7Ctkp%3ABk9SR57T2NqwZA
46,üì± Unlocked Apple iPhone 6 plus 16GB/64GB/128GB IOS 4G WIFi usedphone üì±,Pre-Owned,33.0,China,,https://www.ebay.com/itm/386960284338?_nkw=phones&itmmeta=01J62TP567YNQ9NWH5FRK9Z4RS&hash=item5a18a15ab2:g:jq0AAOSwz0tmK3CX&itmprp=enc%3AAQAJAAAAwHoV3kP08IDx%2BKZ9MfhVJKnyTF9PnsIPsCING3h0NekwOc%2FdiOwpxXOtsse%2FCzDwby6%2FUqD%2BliM%2BkVusbsR0GyZFtUsZIQFlmo35IgsnWcntz1fmXClqp7rl4%2FWlawu98VN8Qb%2BKpW0V9bXVc2TJU7qa1BfR3ktSuQpGO3mAjZ%2BfwiHnUDHPJVbWasDDwQZs1GrzJuWM5OpQdZocZtQkpAcerlQA0XMjmEWWbgNudwoX0%2F1nnMzjUCEa%2FssfxM24tg%3D%3D%7Ctkp%3ABk9SR57T2NqwZA
47,"Unlocked Samsung Galaxy Note 4 (SM-N910U) 32GB Android Google 5.7"" Usedphone",Pre-Owned,42.0,China,,https://www.ebay.com/itm/156322216148?_nkw=phones&itmmeta=01J62TP567Q38M2CS55Q3BX9KM&hash=item246587b8d4:g:FqMAAOSwBqVmow3T&itmprp=enc%3AAQAJAAAAwHoV3kP08IDx%2BKZ9MfhVJKlsb1AYZXwf%2F7M1%2BgH6BpFgh8HgRiWWsSQQLjNh1DtQ%2BmwB%2BfDkLNUZZ5X2Qw8KqgJdotue2gVP%2FexmP94E1QC0ZTEft8ONTwEic9Pbfr5W8q9lXNTtMidtx6HYwDmZGDrc46x1wD0xbrPu7Dt4BdAaEISh2wzqKg7YHRlWhaI10mdU6J8pCyIs%2FD0ZyT0uuuHs69Nud1sVa5O1YOLCzrWBnszE2MNQVYhlgL3g6ao8wg%3D%3D%7Ctkp%3ABk9SR57T2NqwZA
48,üì± Apple iPhone 6 6 Plus IOS 4G 16/32/64GB usedphone Unlocked üì±,Pre-Owned,36.0,China,,https://www.ebay.com/itm/386989206085?_nkw=phones&itmmeta=01J62TP5677RVDD5QWCYRDJ6YK&hash=item5a1a5aaa45:g:n6EAAOSwzvRmOzu0&itmprp=enc%3AAQAJAAAAwHoV3kP08IDx%2BKZ9MfhVJKlLZ66I6c2A0acyYtI6JWi4OH7ISwwQNWRrhtESY8MwZJ95DpraGWCSfYo%2BvmQO2%2BlTtUQawu6Tfz%2Fr1McMBFiWepSTJ8DH6jEsGb3ypxhziipBpEjW2152ig%2BwdXzljpw6hOBUmt0BVId94CU%2BOth%2Fdt5Y4AGwDq%2FCPKPHgi6VJY6gdXGokPO%2BusrJjCZlcJ7Men4tUXiDFKxfJmQGC7WByQ2xmz7Lqikz4SeaC57byw%3D%3D%7Ctkp%3ABk9SR57T2NqwZA
49,Samsung Galaxy A71 128GB A716U Unlocked - Good,Good - Refurbished,106.99,United States,59.0,https://www.ebay.com/itm/256212616573?_nkw=phones&epid=16040289160&itmmeta=01J62TP567CX5JNVKX24H53ZAN&hash=item3ba776457d:g:aHIAAOSw8b1k~IJP&itmprp=enc%3AAQAJAAAA4HoV3kP08IDx%2BKZ9MfhVJKkmlCJ3yBm77LJG9XN7ipyOaPR2cJeed7dMfSqwO3wM6N1ugmmClnNv7JrP4p9vas3yH9bWuFIupX3Jv8zZmWFeS4O35MOr2SdXnVH64GYzw%2BbYtWutft5dQwzvjJfN2B%2Ft%2BwYt0%2Ba8Y%2FdGC3cjmmG%2BX1OotEs7MDgr2RIl4LEsoghmmePs0WbAinUlz%2FGMqi2Xjiiqmnb7aUQgzanHBZIiLgcQ4%2BqCUWIo9Ra9D1iz%2BP4nXBnZzbVGiAYuNNHqy7xCl72cMiA4J2QN0OwEZFl0%7Ctkp%3ABk9SR57T2NqwZA
50,Maxwest Astro A64 32GB Dual Sim (Unlocked) Black. Android 13. Smartphone,Open Box,39.99,United States,,https://www.ebay.com/itm/156352339220?_nkw=phones&itmmeta=01J62TP567HRJRSE6C7YXKHSWW&hash=item2467535d14:g:wRYAAOSwE4ZmQ4xT&itmprp=enc%3AAQAJAAAA4HoV3kP08IDx%2BKZ9MfhVJKnU1biWLEm8bNWJzToO0tufMf9qT3NaZXimvQGID5kSuhnOxdmHEr1cNKifTo%2F3NNxvwBwBnFqLsy2oj0BpS0jIO2HMq0W0RTo0Z2IvA2iy%2BJCo%2BnTZkw3MexSOERPp54wLAw0WIPwBvNC54KFyOEaCkSimCTGv6Slp4t5PnDpj9i3tEY9RITtYbAGn9CcXz5dkrWml%2BH6jX5J7bg5doA3KZNXTYUvZ6IFC8W9zhlaFqsn4u%2ByZiNTtNYAH5%2F50c2VFCI%2FjQAw20gH%2B3aLsnf5H%7Ctkp%3ABk9SR57T2NqwZA
51,S23 Ultra 256GB 512GB  7800mAh 5G Unlocked Global Android Smartphone New Sealed,Brand New,118.0,China,,https://www.ebay.com/itm/355575848356?_nkw=phones&itmmeta=01J62TP5673J5XHFJ9XNMNW7RF&hash=item52c9f8dda4:g:6iMAAOSwmuVmATYb&itmprp=enc%3AAQAJAAAA4HoV3kP08IDx%2BKZ9MfhVJKmdiKvmDZqQ46EBh8JoeEKcmE%2BvW9VMskIgProZGkrylGQgIdNHFK%2FSZwS88Ystqyj0fCP5n3qwsyMnizSbcjMcCqTash%2Ftafowm0gHeQDktyRmovTDSnOOKkFgGFGL2kJb19Vvd5GhPEGYKcPy8wTUI9fzOWtnN3rJVm8dFBQYOzJwHsmGndu4wcOoyMpcyIEHf031tvkSO1UcsQ66AiFc3L2ZLiCmQcTpmFwE9sNjF1OiJJp8jHyQS8QHCCnJ2jDiWfc5bUBwYoYPtpFdbCiT%7Ctkp%3ABk9SR57T2NqwZA
52,Samsung Galaxy Z Flip3 5G SM-F711U Unlocked 128GB Phantom Black Good,Good - Refurbished,179.99,United States,,https://www.ebay.com/itm/186588716228?_nkw=phones&epid=10048610382&itmmeta=01J62TP5672KKDP1H0QGA3DFK9&hash=item2b718ddcc4:g:YnMAAOSw3UpmoQqy&itmprp=enc%3AAQAJAAAA4HoV3kP08IDx%2BKZ9MfhVJKmJ6X5E9%2Fe7VvXVEZNpUeP3Srq%2FrbUV8kD1MLXcQ0cHAod94xqv58seEGpl3%2BjEadAm%2FbwveCPjb7wB24FZgfmbdlDS9aI0MPZL%2FUNvReE69irgUhvyIJGbb86%2BRgDlUEGAhpxc%2Fi7YlF49JhEy88rJ5%2BRZv2lOOSXzq6Fmyjp8XaftDK4SgTEtv3o9yMMyfwTtg6b9v%2BAwt%2BmDtmkPUisG2nWra3Ys5wvXg%2FhTo35EXEWNL65ifR6tKB7PW102QDIWx%2BTVXUyhTg2WvPuSq4oF%7Ctkp%3ABk9SR57T2NqwZA
53,2024 New Android Factory Unlocked Cell Phone Cheap Smartphone Quad Core 4G 2 SIM,Brand New,61.41,United States,9.0,https://www.ebay.com/itm/276273663454?_nkw=phones&itmmeta=01J62TP5678S2FCZBPC5WTHPPE&hash=item4053318dde:g:xJsAAOSw7CRlueeY&itmprp=enc%3AAQAJAAAAwHoV3kP08IDx%2BKZ9MfhVJKksIbx%2Bqjrnv7MIqXdFRFVCE5qeF7Kaabtr85Y2%2Bp0LiqOMnr%2FFTCRdpllUWb9kbuyRoFdu1vodoEE6%2F9vMffeyWMooKLZduayzw9AoveqKz%2FS8CfyYkYUUm%2BGGFbkToHgjCR0L03P%2FkvAgIapUFK%2BnU121glz0tnM%2FMl3gGuZ7azkTvhhuOnEaQoyn42mPTWAqcOZEWr%2BaY%2F8eiAOiB36pHYwA66CS2FPOTH3IJ4gSXQ%3D%3D%7Ctkp%3ABk9SR6DT2NqwZA
54,Sonim XP8 XP8800 64GB Verizon GSM Unlocked Rugged Smartphone Dual SIM Good,Good - Refurbished,74.99,United States,118.0,https://www.ebay.com/itm/196324066276?_nkw=phones&epid=16056104579&itmmeta=01J62TP568B558YV71TRTNAAKQ&hash=item2db5d383e4:g:hksAAOSwprtlG1QM&itmprp=enc%3AAQAJAAAAwHoV3kP08IDx%2BKZ9MfhVJKnC9KRB0%2BeDEtaMDtefzHMkSbFL22mABveDdGM5CXZDWJ8t2gJakVGcLyoZrUGa9oYTu8QJ7CGQMKT32oH3pIoakZ5CkEq2H6WFPNmUPKpF%2Fr2exIKkiNTQ4Djbhz6tE%2Fq0l1yLWOdBahfjuvaRsvjqxKR%2FyQB1UpWp%2BOFNOIRiDorCBo405iM8K4eRtx8uhBg%2FKG0QYrlPNuc%2FRGEfZNQEjooCP4AUyd3%2FjjW0zLMbTg%3D%3D%7Ctkp%3ABk9SR6DT2NqwZA
55,NEW Samsung Galaxy S9 G960U 64GB Fully Unlocked All Carriers - All Colors,Brand New,139.99,United States,157.0,https://www.ebay.com/itm/176446440204?_nkw=phones&epid=23024206584&itmmeta=01J62TP568TPPC1EVVJXNAT2GF&hash=item291507030c:g:JzsAAOSwj5Vmfwze&itmprp=enc%3AAQAJAAAA4HoV3kP08IDx%2BKZ9MfhVJKliS0db2sgbIhJZV%2BloM8JD8xFLa%2Fkq9hn%2B6n%2F8TXnrw9HovMvKTUoKIjhqToLQ%2BqcuGokjv8DUzOvJAJU977pZUgMI09SxiGhKQAj4NMzrAqd4GtIBpRyKv46yKXVpo3mR%2BM6w1B5Vmoh09JdDQIO7epsNQSW3qR5f9EtchUzeBD0LgHV0ObEs0Wf16vr%2FpHGwVMlxKkTXAVECDhadVLtdFEBliYPtOX6oXAsBlKzx3ileoGk5%2FjEbnnRks5L%2FdsgtKSdRIuH9m%2B4byDpfaiqw%7Ctkp%3ABk9SR6DT2NqwZA
56,Android Smartphone Unlocked Cell Phone 256GB G15 Pro Max Android 12 5800mAh,Brand New,129.59,United States,29.0,https://www.ebay.com/itm/204584654779?_nkw=phones&itmmeta=01J62TP568DE0QRXC8Q9EQ3A8G&hash=item2fa23217bb:g:V8YAAOSwOwZl8qpU&itmprp=enc%3AAQAJAAAAwHoV3kP08IDx%2BKZ9MfhVJKm1uX0vz8ef3RFOlthaAd89bbTQSmR1pcH2XKG5gXv22TMk%2BbfD9l8JEKJvS0aAHZTtCTaxXiFQMDUijPHYC31SB2RTIdjChtC8O%2BdCO8ZRABg7NJ%2FFMGBNwf%2FRjdzGPII8HgCyz2MwMAUIIbR6flyQj3%2FyBu7BbNgdbEs6HvCKEHc%2BZQA2CKokCv%2Ba9s0L6bJkVk6TWlsOzq9VLihuTkXzzhmnBrndITSKqwDKqWKZpw%3D%3D%7Ctkp%3ABk9SR6DT2NqwZA
57,Nokia Lumia 1020 (Unlocked) 4G LTE Smartphone - 32GB Yellow,Very Good - Refurbished,65.0,United States,,https://www.ebay.com/itm/296593335369?_nkw=phones&epid=519135601&itmmeta=01J62TP568PF5Z8DH3XGD9D74A&hash=item450e572449:g:nK4AAOSwcl1kemRm&itmprp=enc%3AAQAJAAAAwHoV3kP08IDx%2BKZ9MfhVJKm8wjUewOkBSGL1I9gSzfRlAVb%2BLjbi27H%2BAvP1Zovkbpetq%2BSFvL0pNmuR5pjUFWQoZ4AQmIsjVuy8PSNMnYpc3dzDY8w65WQcRrinFOqBNyUv8S78ZN526EVogVbX6u7g2aC1PePR5EmNMHXDhljiETMdwtrV9kxdFkuLQJ9M58x810%2BuZSS10eYERqS2fkaAtCbAzvAgW3doL265WoZ4iBeZvf7AmDI%2FnvDoRM%2B28w%3D%3D%7Ctkp%3ABk9SR6DT2NqwZA
58,TCL 40 XE 5G -  64gb - Black - Verizon,Open Box,39.98,United States,13.0,https://www.ebay.com/itm/156319914453?_nkw=phones&itmmeta=01J62TP568VZW4M5XTK9K7A98E&hash=item24656499d5:g:z0YAAOSw6AdmAcmD&itmprp=enc%3AAQAJAAAA4HoV3kP08IDx%2BKZ9MfhVJKndEfFrBfySGxgGsOKPH8AYDa8Bsn%2BHRyh1QQlyBZ46c93EqQ0qxO8DSsMatGE%2FRvas8ij0vKqCK2j3pJlw0kThqQpvrJmGp1vW5sD57%2BCHPd6T5psZ2cJoxYrr89h4BHp5ZqUdOVs3HEKYqDW0NxhDoICjpDkRrj09Z2kVseEOMmdwPo%2BXNUt%2BdJxbFSMz0fRlXzqiI1xV9GrNt6ORU%2FSQpngLwcILXdDFWF3KvQRJr0wjH%2BU%2BZTxSME4De67Iazub9YuYsBM5M7CbtSdh5gnC%7Ctkp%3ABk9SR6DT2NqwZA
59,Latest Samsung Galaxy A15 5G 128GB SM-A156U Blue Black (Carrier Unlocked),Open Box,129.98,United States,101.0,https://www.ebay.com/itm/156284827348?_nkw=phones&itmmeta=01J62TP568KDM5D10HNKZVVJSQ&hash=item24634d36d4:g:sIgAAOSwmFRmY4Zs&itmprp=enc%3AAQAJAAAA4HoV3kP08IDx%2BKZ9MfhVJKmj2GMXJvRccL0ztuHbGehyOTm6ITaaB6OlSjr8tpwowMv4DPSRhHNXHZQ26xfQv2XQcWP80ASnLh0hkalgvwklUfzLY8epMaP461f6p%2BW5gTWwcLixMeBqWS%2F6IOoKsDPCJK0uTsclsophy9Wa19%2Fc%2B6ESZtSoCnndbwEAFpuPgBkP6ytR4pWjue5ar55FxSjIicwgagthvFyypVV%2FAoWH4j77ao6rFu3ChuG9%2FeWNS70vmBSVrXz7hp9pVEl5%2F8TnU%2FlTo%2Fe7cdwiixk6z3f%2F%7Ctkp%3ABk9SR6DT2NqwZA
60,"Motorola Moto G 5G (2024), 128GB Fully Unlocked Sage Green | XT2417-1. Openbox",Open Box,119.99,United States,,https://www.ebay.com/itm/186623818299?_nkw=phones&itmmeta=01J62TP568TMRD4RK99M68G0WM&hash=item2b73a57a3b:g:KHkAAOSweQhms8ae&itmprp=enc%3AAQAJAAAA4HoV3kP08IDx%2BKZ9MfhVJKmli7%2FI%2BIAHy%2BMU%2FhNa18luXaFTgTCCAcehzCv1dlatv7gxn0oIMpyXVJH5tKsj8C7CDQgKhQBIbe1fal4GMij5KgGkvA3ISwHnF5bc%2BfiZ%2FUyN0YzSmaIJAa5A3Y16vgWqHkPAaKgtM%2B7z3kBnQ2P5smZH48CGqNI3pBDRWTuFHfegKqz%2FuQpOmAwyq53UB0yoI8p6mLBzh3NR%2BRDnm3q6DV44Dck%2BgOc0Edu3cXX1sZ5KPNsVDhyD4RQg2Rby4JYA4iGR76JbG5lkggOo%2B0Vo%7Ctkp%3ABk9SR6DT2NqwZA
61,Apple iPhone 13 128GB Smartphone A2482 For Parts # Control 301,Parts Only,111.25,United States,,https://www.ebay.com/itm/305743795688?_nkw=phones&itmmeta=01J62TP568FZRD917A04WJHPBB&hash=item472fc015e8:g:vwEAAOSwbwhmvUvO&itmprp=enc%3AAQAJAAAA4HoV3kP08IDx%2BKZ9MfhVJKmxMoThxxky4yIcivcztZJwGPyqbgb4njhe87GApF6X7kMeAs11GFsj1LsXRcKWaPUGPPrYEcrpFBXpuf9b7mQHlAR2TXKjNQ329%2BTza4GwTqAROi%2FoClL23MdbQ2BgzwpTrL8emQXRXRuSaCk9eWiRyMRT37aIMjiumaHvkih4DDwWK6Km0uGka8VOmoc6ipCM4qJD31wisBZJI%2B6foFfZAv6Ei6ZfKI1dBNoGxMoZeLZ4c9YReQvvoqA0tltQV3UQimJvTbyIsBETuwhJBPAK%7Ctkp%3ABk9SR6DT2NqwZA
62,"Works Like A Samsung Or iPhones Unlocked, Telefono Desbloqueado, Unlocked Phones",Brand New,55.0,United States,,https://www.ebay.com/itm/395596527994?_nkw=phones&itmmeta=01J62TP568TC1SQDRA3DAYBSGP&hash=item5c1b63f97a:g:HI8AAOSwzSFmvUVk&itmprp=enc%3AAQAJAAAAwHoV3kP08IDx%2BKZ9MfhVJKkX10wypBS%2B6q2RBr3OfzQY3i662MjziFD0QTAocQ2TvfIpiqQmvMBPtqj2ZLIN%2FI0w5cWGXNYqljUzyaDfuejfZ%2BDZPMCGoa6hQcw1j0ge5xdi7RL8jkqQ9bPavFpCcVBoBBVP%2F9IKAevog2Yn1JuLNGaefCJAhCXFcUwQ7ibcLRJf%2FoUrZe4Yt5UIbiYgwNyJjG0kKBMjd0MQRbXTHkiif4NubvEeHlLlDprE3Z9ljw%3D%3D%7Ctkp%3ABk9SR6DT2NqwZA
63,"Xiaomi Redmi 13C 256 GB 8 GB RAM (FACTORY UNLOCKED) 50 MP Global 6.74"" New",Brand New,134.9,United States,84.0,https://www.ebay.com/itm/134999992881?_nkw=phones&itmmeta=01J62TP568JNZVB678PWH3WTY2&hash=item1f6ea06a31:g:EJYAAOSwuaplzoem&itmprp=enc%3AAQAJAAAAwHoV3kP08IDx%2BKZ9MfhVJKl%2Fu8TVQsJ4yvPiF6wAKq295%2BQ0A29YDcyNO0FF4qHybKZPsH9uU9PkuyQCxocS0yykZ69nl4r4GhTn9M1mzd28ZrZBhWOULfp7w8bF7acSIAMniod%2F6zP5T4O8OU8wNp%2FWdskQ0HuoQKXVif%2FAE3i9axvNQeSW5c612dnZmvBFji2yZGAZ4XQlXkX%2B3%2FBfF2inaHMk2UeovK7PYGxHUYWrfV5L5%2BH7qB%2FE5GH6CnM--A%3D%3D%7Ctkp%3ABk9SR6DT2NqwZA
64,Infinix Note 40 Factory Unlocked GSM 4G LTE 256GB Memory Cell Phone BK,Brand New,205.97,United States,,https://www.ebay.com/itm/326189120601?_nkw=phones&itmmeta=01J62TP568S74XERHJYYJ99R6S&hash=item4bf262fc59:g:ZwcAAOSwUm9mZFwQ&itmprp=enc%3AAQAJAAAA4HoV3kP08IDx%2BKZ9MfhVJKmybqM3FYceEDNGb%2BRPgIemm8WkNLYoRVO%2B2kDNeuRJz3TTWEKWk0rEZYoFiig8izOBpVTt%2B%2FRR6eIQshNLKQ3PODWgChauUVnL%2B0hjl8arS%2FANSBlVZDGGF6Lu7KC0kxio1kgxeFNa6OAcWjPoVXyTTWjfLAqCjNvDQ6WQ1k59Cz4HcFA2Kd9STaVZXNVxv5T9Su96vc6XSdiqmXusvWtZaXPcd5WEpdpaOhgAi7WaIFAZCBEjdmpSWrQd2fHPXKcV5%2BlWskRlpTBR5Hd43mmD%7Ctkp%3ABk9SR6DT2NqwZA
65,Vertu Signature Mobile Phone Metal Quality Black & Gold Color With Free Gift,Brand New,98.93,United Kingdom,,https://www.ebay.com/itm/196530126780?_nkw=phones&itmmeta=01J62TP568A9Y3A6QE7SYBH62G&hash=item2dc21bbfbc:g:T4EAAOSwn2tmctZc&itmprp=enc%3AAQAJAAAAwHoV3kP08IDx%2BKZ9MfhVJKlzF9UeJLuvTnCECL%2BL%2B6Lhsp6gf72bT8%2BcEoXw51FKTf9JEHnSwzu4B%2B1UXi7gFcmnul1dD7FGu270rKOJHnBjRjCFH67VIBnUwySApZPGrDwr%2FahuYbRzflTjPdakMjkvqFSeRDwfpHJDTrX3KlgYMvi7w0Ta2FvIcQV726ADwbV%2FwSNtvvp9ccruXVqKWvDOZLM6594gN7AaS%2FaA1T6QZF%2FcHxKQyjs0FKHWXjOPGA%3D%3D%7Ctkp%3ABk9SR6DT2NqwZA
66,Povo 6 Pro 7.3 inch  Android Smartphone 4GB+64GB 4G Global Unlocked Cell Phone,Brand New,70.59,China,,https://www.ebay.com/itm/395472403856?_nkw=phones&itmmeta=01J62TP5681X5BGTJMS3NMA70A&hash=item5c13fdfd90:g:psUAAOSwJMZmbeao&itmprp=enc%3AAQAJAAAAwHoV3kP08IDx%2BKZ9MfhVJKkM%2Bm%2FpZ3A6XFlfwr3KggwdQrqzZfQpmK%2Bq6vz6eXWYPpO%2BcpIU6%2Fk9kpH3nNi1%2BGFJ90Zg49Z%2BHKAECzMGoEJw74rcRUo4xpNag%2F2o5SDlW19gWJe%2F4%2FAz%2FH6lITaTivl3NZUgiwDWDV%2B2%2F7Khx2RMsvqEfYjhP0AB7POEMfn7UBjYzFFT%2BV5732BZIfezUK92EWhpg%2Bom0br6FlTG2N%2Bn7n7OxetVazRjlBPh6Fl58Q%3D%3D%7Ctkp%3ABk9SR6DT2NqwZA
67,Glabol Version S23 Ultra Smartphone 5G Original Mobile Phones 6.8HD Screen Dual,Brand New,79.52,United States,,https://www.ebay.com/itm/256614840434?_nkw=phones&itmmeta=01J62TP568MDKWXDNXB4NCG3R3&hash=item3bbf6fb872:g:kz4AAOSwPAZmyh7p&itmprp=enc%3AAQAJAAAA4HoV3kP08IDx%2BKZ9MfhVJKmkmhjXSKkc14Q9R9s%2Fop1Tr%2B1F%2BClc%2FF3UCCPkFgfLY1uk%2BO3cXPDf%2Bj4gcdMDqbT2Og2Ymtasj%2F96eSHZb9eILp%2BLTwVw%2FtOtmNFTYnfAw%2BbZrGPcn737Tk34hBB69gMVEhW%2FJ7Z9RLP%2BO9JioczFynVZE6kVeiGrAiIKpNFK0%2Bkz%2FrYeL5YYIHqlFOWi0qgrrQRKsiHqSOUT%2BK2EUWy5WhGWqHynUUFvyCGnUL1ex9Nq07%2B8o0csFrhu1iDiQcaCIWxj4ZEkSds3TpmlUp67%7Ctkp%3ABk9SR6LT2NqwZA
68,Unlocked Original Motorola RAZR V3 GSM 2G MP4Java CAMERA Retro Flip Mobile Phone,Open Box,30.85,China,20.0,https://www.ebay.com/itm/186436168473?_nkw=phones&itmmeta=01J62TP5688G7FHJH8WW6MCX0Z&hash=item2b68762b19:g:n4IAAOSwE8FmPd6x&itmprp=enc%3AAQAJAAAA4HoV3kP08IDx%2BKZ9MfhVJKnRW%2BuLPK%2FFM061%2BXve9lzDhh2Ab36nLdCpe9VpmnHz759mva76%2FEmrvxSUYkWgdbPC6VmhP86FBNoWtOCPrmeX85SanoP9x9EQmoBLDz9eO02v21yaeIN4nvpI6liQZgNqSoNwtOPvZ77YUPhBAGI3Cvs5KqVc3FQpJyRE%2FrKruG8pFavB3uLopyDBxjWh1O8zNM02djWE%2FKyergK9Bob95SZNMgMGkhpFsp2u6zFUBCv2mOjTuYe4SHlnN5pnDV3Nx9pj5PclWTiHIdBejLw9%7Ctkp%3ABk9SR6LT2NqwZA
69,BRAND NEW SAMSUNG GALAXY FACTORY UNLOCKED NOTE 20 5G SM-N981U 128/256GB GSM+CDMA,Brand New,242.25,China,,https://www.ebay.com/itm/135161132466?_nkw=phones&epid=20040088750&itmmeta=01J62TP5682WRVN01TNAW899GK&hash=item1f783b35b2:g:mVMAAOSwj61moSFe&itmprp=enc%3AAQAJAAAAwHoV3kP08IDx%2BKZ9MfhVJKnu8NDzKullRyqDufrZ2tHwQjbIBjXgxKj%2FW5jC6RBzRiWq9WZQGfMI2ro%2FxrQ6C2HCuEcL%2BHWgzs%2FLzEwZxVTluri00L0OofzZpVzrMGwZMCJ78H6vjBb6JAa9d11dRP0lupPQT0WiXD4I6VArMOV9cpY0JZ%2FneL8co418BrdPOMuIDJ3rre6oqSUiE38pYM6BY8e3ukg8KmfMNlrZjZ0rOekrGTjfr%2B0B0s3qjGBwsQ%3D%3D%7Ctkp%3ABk9SR6LT2NqwZA
70,New Samsung Galaxy Note 10+ Plus SM-N975U 12/256GB Factory Unlocked GSM+CDMA,Brand New,229.0,China,15.0,https://www.ebay.com/itm/305651644039?_nkw=phones&epid=7035815134&itmmeta=01J62TP568T7HXH382CATNGX8K&hash=item472a41f687:g:AgYAAOSwwHFmg~d7&itmprp=enc%3AAQAJAAAAwHoV3kP08IDx%2BKZ9MfhVJKlIb4cz9sdSqpfOm54xh0jccqYEbmclQ8pu0wHrktJ5uB%2BJYuvqcF6TwerGRA16QC5kVIXG891lKADRLBz1ZjO9WonEIbYxJQSwG4tQ27shs78YlkYCNlFoBQ8d5zmRC2QfXrUt143ypdz7IgfQmqylDt6Zt%2B45V5pT31kNf0l9Ip9fqblu4Ej4QO84lgvRvan4ME6ud3LEU27LWeEVjytU53pZC5zrvOUKcsFHjaINsA%3D%3D%7Ctkp%3ABk9SR6LT2NqwZA
71,BlackBerry Classic Q20 SQC100-2 16GB UNLOCKED GSM 4G LTE Keyboard Smartphone,Open Box,149.99,United States,316.0,https://www.ebay.com/itm/164961612797?_nkw=phones&epid=28013730524&itmmeta=01J62TP568ZN2EGMK7RZT12P4A&hash=item26687a73fd:g:TXEAAOSwPAZg8Sxk&itmprp=enc%3AAQAJAAAA4HoV3kP08IDx%2BKZ9MfhVJKkgbRFVRz8CkMzBucIE%2BUuRnquqPRR3--WKD%2BObFnuKoQo8I9wYfimeLIemj2zSin2dNPUO7uotwH%2BWeg1eVMNKK%2BN%2BzEceNQN6BqxXjf2h7mSr8zV0HdkRmwWz7Ez9bcgDR1D4S%2BRXlu4wgRVaSs4MmP1ePrTPaBwdi3PIC0SgaaW2dY%2BC13CNCClHi4rH%2FVR5NoLmcCVRkC6OQiLlQcg19EZBoTM0gAL8elkXp8zVm52jiOr3mXNefZRADFFPcLjmbXB%2BWIjoiMgLUfQLVUuX%7Ctkp%3ABk9SR6LT2NqwZA
72,99%N ew Apple iPhone 6/6 Plus/6s/6s Plus 16/32/64/128GB Fully UNLOCKED 4 Colours,Open Box,58.98,China,,https://www.ebay.com/itm/405073496946?_nkw=phones&itmmeta=01J62TP568PCYP04RW7C47BXGP&hash=item5e50430b72:g:K4oAAOSwpLhmg~jd&itmprp=enc%3AAQAJAAAA4HoV3kP08IDx%2BKZ9MfhVJKnppYVjzRX%2FEVaAVbMACBVfhz9t3SoQx0xKJg%2Bs0lpoQ19V%2BVr%2BAsqnpYqTNVvFppnh6WVIQwUjssMyerMcPkxAhWdDhjiMq%2FsbrO3lizvqFJyLLmJhi%2B4CEaXnvbZI4jbwymUjSLgTGOVwT6PNaYTe5JbcjTeZKoU8E9tfDrxH2hDnu8nIszrtXPzSFxh%2FOn4Y9XE%2BCsqs4nyS0FsZ9Ygcjxb2QFXxuQwpeeSm4fHi1atkPbtD784yVNKwpA3vpr%2FrW10rv4brNso83CAvbYHZ%7Ctkp%3ABFBMotPY2rBk
73,Samsung Galaxy S22 Ultra 256GB S908U Unlocked - Good,Good - Refurbished,389.99,United States,36.0,https://www.ebay.com/itm/256459409583?_nkw=phones&epid=28052287922&itmmeta=01J62TP568YHCEG0REZEW346EZ&hash=item3bb62c08af:g:~TAAAOSwoQNmPiEL&itmprp=enc%3AAQAJAAAA4HoV3kP08IDx%2BKZ9MfhVJKkIewhr1QtBcgVZ7l2Si6JbO1XeC80TvHmTIJwS5hx%2BB6DJXWZoOGXPW58Fn2huB4KuiG%2BmHsLmJv1x%2BXKbo17zJ2gvggqgkFa2Sh7yFk4hJBDmydTxNSOOVmRMtUTaR1BAFmDu5FTReEZc9mYTZ1Xz8H6G2JHivnEGENT6zss1Vke9lZ4VYqSBPzRqxxuDdkka%2F7l7%2BPuS2mwAX7agRzrlSxVXTifPZx96JRtxMQUcGOxWHNOS4DSxa9geUlJfhzs0kpymS7wgJ2PjQ0aDtF%2Bq%7Ctkp%3ABFBMotPY2rBk
